Equipo,Fecha,hora,es_local,resultado_final,xpts_avg5,ppda_avg5,corners_avg5,faltas_avg5,amarillas_avg5,rojas_avg5,diff_xg_avg5,diff_tiros_puerta_avg5,diff_tiros_avg5,diff_pases_area_avg5,diff_xpts_avg5,diff_corners_avg5,diff_faltas_avg5,diff_amarillas_avg5,diff_ratio_presion_avg5,diff_dominio_ofensivo_avg5,diff_agresividad_ofensiva_avg5,diff_disciplina_avg5,xpts_ewma5,ppda_ewma5,corners_ewma5,faltas_ewma5,amarillas_ewma5,rojas_ewma5,diff_xg_ewma5,diff_tiros_puerta_ewma5,diff_tiros_ewma5,diff_pases_area_ewma5,diff_xpts_ewma5,diff_corners_ewma5,diff_faltas_ewma5,diff_amarillas_ewma5,diff_ratio_presion_ewma5,diff_dominio_ofensivo_ewma5,diff_agresividad_ofensiva_ewma5,diff_disciplina_ewma5,club_id,game_id,xi_market_value,xi_average_age,xi_average_height,xi_total_caps,formation,manager_name,ocupacion_estadio
SD Huesca,2021-05-22,16:00:00,1,D,1.17428,8.02830919080919,3.2,14.2,1.8,0.2,-0.0816852,0.4,3.6,-1.4,-0.29778,0.8,-1.0,-0.6,1.5009353459905244,2.1183147999999976,4.4,0.2,1.145396600232484,9.277387664089211,3.874478813694836,14.279862824989674,2.1596445494860355,0.3333630349293651,-0.140423263035089,-0.0317157560400889,2.1903529652699443,-1.693755344737084,-0.4019449642487845,1.194462374861321,-0.0794015226659854,0.3264698467060996,0.2909432967024722,0.3561743574977725,3.384815340131266,-0.9894697005142266,5358,3451477,29400000.0,27.21846804803684,180.3636363636364,61.0,3-5-2,pacheta,0.0
Eibar,2021-05-22,16:00:00,1,A,1.93766,8.707079365079366,5.8,10.0,2.0,0.0,0.7330430000000001,1.8,6.2,5.0,1.16124,2.2,-1.2,1.0,5.7024291819291815,11.933043,8.4,-1.0,1.86330365302248,9.933868720922256,6.62432798738722,9.70524673849168,1.4910439003177849,6.792262294948665e-06,0.6208894598710888,1.2817178900756774,5.807393796801151,3.328396451564086,0.9871884414173112,3.1252255185429854,0.8358317187031878,0.7303862473883653,7.697515252237547,9.756679708236325,8.932619315344136,-0.7188364822393395,1533,3451474,35750000.0,29.450314230601705,180.45454545454547,51.0,4-4-2 DOUBLE 6,josé luis mendilibar,0.0
Granada,2022-05-22,18:00:00,1,D,1.3046,9.18342456826328,4.4,14.6,2.6,0.0,-0.0626951999999997,0.2,-2.0,-3.2,-0.1047,-1.8,3.6,0.2,-0.1608596331983434,-5.262695200000003,-3.8,0.2,1.2871108631146837,9.510993705303823,5.631623168101042,15.312101217711414,2.45227869582836,0.0607753899364792,-0.2173630805724802,-0.1087463104906625,0.5234206909439327,-2.177096401798524,-0.1627709132317361,0.1357637220080942,4.286925125112495,0.6028705734880362,-0.4046647278885766,-1.871038791427073,0.659184412952027,-0.2396243306146662,16795,3611511,49100000.0,28.930869267624917,182.54545454545453,15.0,4-2-3-1,aitor karanka,0.9283719486967316
Almeria,2023-06-04,18:00:00,0,D,1.47694,15.956427353550117,3.2,9.0,0.8,0.2,0.03215038,0.8,-1.4,-1.8,0.1410600000000001,-4.2,-4.4,-0.8,-8.34111886493728,-3.167849619999997,-5.6,0.4,1.446827647991404,16.38899298677207,2.6064065807926045,9.815065300975249,0.8067540440091798,0.2222547602862755,-0.0206557904738293,1.042177814419702,1.0236216913204887,-1.2801031126244506,0.0776914768905102,-3.845976829496658,-5.206809148715752,-1.2935851003696044,-8.620450801184075,-0.2771372117777897,-2.82235513817617,0.9078477314006944,3302,3844556,46700000.0,26.349075975359344,181.63636363636363,50.0,4-3-3 ATTACKING,rubi,0.7753532267743167
Cadiz,2023-06-04,18:00:00,0,D,1.28044,12.03723620465556,4.4,13.0,4.0,0.0,-0.6357220600000003,-0.8,0.4,-5.8,-0.2920199999999994,0.2,-1.0,0.4,-2.245521788076916,-6.03572206,0.6,0.0,1.6031917264590507,10.286061029756814,4.501041332346762,13.545514801420463,4.861333563691163,0.0027588531586623,0.0485842721815024,-0.3652278650638374,1.986038110832792,-3.074268909078661,0.3915737548649834,0.194042346898386,0.5306466891151553,1.4173343800740823,-1.3069254026057733,-1.039646526064366,2.1800804577311776,-1.025137906603998,2687,3844555,33300000.0,29.924460207827767,179.54545454545453,100.0,4-4-2,sergio,0.7862425334218262
Real Valladolid,2025-05-24,16:30:00,0,H,1.01354,20.2636583445794,5.8,9.6,0.8,0.0,-0.4965725999999997,-1.0,-6.0,-4.2,-0.73704,-0.2,-6.6,-0.6,-13.840330768812796,-10.6965726,-6.2,0.6,1.0315505784076264,19.547311083764644,5.650721578910122,9.89835209942526,0.732211557120357,0.0226868632380615,-0.4579518129798348,-1.523239046062645,-5.265389478019257,-2.0349748331788504,-0.6823461069878012,-0.4917536419315813,-8.601893690514931,-0.6206503418568766,-12.374332133464984,-7.758316124177943,-5.757143119950839,0.5829991727050654,366,4407568,20850000.0,26.251011138074794,181.54545454545453,107.0,4-4-2,álvaro rubio,0.417227894851184
Leganes,2025-05-24,16:30:00,1,H,1.07744,10.980761904761906,3.4,13.0,2.8,0.2,-0.4069928000000001,-1.4,-2.2,-1.8,-0.57312,-3.2,-1.6,0.6,-0.0731607517780251,-4.4069928,-5.4,-1.0,1.2395736150209538,11.270727198799404,3.3987364723166413,12.577180258820777,2.207498963937364,0.0688439049956798,-0.2208299245754968,-0.7010584332766907,-0.843635970817094,-0.9334317294951276,-0.2475087004080723,-3.381650366747783,-0.5828176266864982,0.2540841502819201,0.0775075462006547,-1.997897624887719,-4.225286337564877,-0.3917321805243173,1244,4407568,21200000.0,27.55995270985004,181.9090909090909,161.0,4-2-3-1,borja jiménez,0.7989876577451116
Las Palmas,2025-05-24,16:30:00,0,H,0.8907,9.789525171624714,6.2,11.8,2.8,0.0,-0.5702065999999999,-1.6,0.4,-2.0,-0.92376,1.8,-0.6,0.2,2.699803013703471,-2.170206599999999,2.2,-0.2,0.9199505912096568,9.33298452038367,6.165170570630199,12.804338256318212,2.899876572211391,0.0104799826423222,-0.4893318303198352,-1.2816218087626283,0.5145051612013152,-1.884424972464938,-0.8392075142419906,2.1486177382618834,-0.6332958017389216,0.0913993221308325,2.6375988206082046,-1.8592516415834568,2.663122899463199,-0.0537256953493165,472,4407569,42000000.0,25.75546014560388,181.3,68.0,4-2-3-1,diego martínez,1.0
Athletic Club,2026-03-14,13:00:00,0,H,1.9296,9.313609208286628,3.4,16.6,2.6,0.0,0.9317922,1.8,6.8,2.8,1.0781400000000003,0.4,7.8,0.8,0.9732371969421324,10.531792200000002,7.2,-0.4,1.6743670276252796,10.605375687792804,3.517209275125827,14.920737234439832,2.628806838580366,0.0402246249846731,0.4990612805240344,0.5356563464003684,4.310752110359503,2.646550127419256,0.601991661652045,0.0751288179729896,5.669641093780921,0.886110084974707,-1.1104001720712435,7.456363518302793,4.385880928332493,-0.7467793499475944,621,4645928,162700000.0,29.10161159853152,181.72727272727272,158.0,4-2-3-1,ernesto valverde,0.1653436919439284
Valencia,2026-03-14,17:30:00,0,H,1.4155799999999998,11.484488715394624,5.2,11.8,2.2,0.0,0.0607780000000001,-0.4,0.6,1.0,0.0967199999999997,0.8,-0.4,-0.8,0.8409398560339459,1.6607780000000023,1.4,2.0,1.7118934053305428,10.47293740884947,6.167672166751848,11.882085400250704,2.2055064977973515,0.0195290223247892,0.4090027270288731,0.9908987882220462,3.084042183077797,3.402894780871831,0.6681035471840544,2.3717314500120543,-1.257529480627006,-1.4074852393837611,1.2940429966552047,6.895939690978501,5.455773633089851,2.900026513647476,1049,4645927,66500000.0,28.405699707547758,181.63636363636363,219.0,4-2-3-1,carlos corberán,0.4617843414930204
Real Oviedo,2026-03-14,17:30:00,1,H,0.96992,11.458993271221534,3.6,11.8,1.8,0.0,-0.5850899999999999,-2.2,-7.2,-2.4,-0.81084,-3.0,-1.8,-0.2,-3.359609517720132,-10.18509,-10.2,0.2,0.9434282102900102,12.361021130961898,2.875391021812029,12.459519400442495,1.9152975964126568,0.018888653011069,-0.6590848947252038,-2.8443810620047403,-9.922600561363486,-3.073032254012809,-0.872674131712158,-4.478153121466287,-1.1601130140864075,0.0743052519169212,-4.566939941009738,-13.6547177101015,-14.400753682829771,-0.0534389274520821,2497,4645927,27900000.0,28.021653910770954,182.0909090909091,81.0,4-2-3-1,guillermo almada,0.7483934426229508
Sevilla,2026-03-15,15:15:00,0,H,0.9962,10.74302536231884,3.2,15.6,2.6,0.4,-0.5081745999999999,0.0,-1.0,0.4,-0.6972600000000002,-0.4,4.0,0.6,3.10941664012316,-1.1081745999999963,-1.4,-1.0,1.2707465586196296,10.361933734177818,4.13905969757829,14.635899401027014,2.087937767190543,0.2050327134272246,-0.185771323937181,0.5390197228394836,1.1021006816801382,0.8843559407646442,-0.1584578421176696,0.9351623709941064,2.285776539395578,-0.1707712234721446,2.3112058371084343,1.8006852985076016,2.037263052674245,0.0649134296018625,368,4645925,71800000.0,27.68365378632319,184.3636363636364,429.0,4-2-3-1,matías almeyda,1.0
Real Betis,2026-03-15,17:30:00,1,D,1.95324,33.680976082740784,4.2,9.4,2.6,0.0,0.7239428000000002,0.0,0.6,-2.2,1.17714,-0.8,-5.6,-0.6,-20.666032927751864,-0.8760571999999961,-0.2,0.6,1.8867064043307984,18.511345109489103,4.970904226738001,10.26189384855086,2.4273053167921392,0.0011418644921227,0.6256155209734269,-0.6068882052123095,1.0940635118218838,-2.135312003615833,1.0445356504086118,0.7474416518998441,-5.507311782797918,-0.607858895235238,-4.135561773127315,-0.4156329708205222,1.841505163721728,0.6480787874918026,150,4645926,94000000.0,28.987368552050278,180.9090909090909,87.0,4-2-3-1,manuel pellegrini,0.8384142857142857
Levante,2026-03-16,20:00:00,0,D,1.05444,12.684071773636992,4.8,12.6,2.0,0.4,-0.8355647999999999,-2.6,-3.0,-3.6,-0.7264799999999999,-0.4,-0.8,-1.2,-2.858221502178296,-7.4355648,-3.4,0.8,1.0038642387481411,12.72351433551342,4.787978397918968,13.079191927568882,1.7487526815716126,0.4435802005956212,-0.7781239409733136,-2.4463068845706464,-4.440890085289406,-4.33992596461661,-0.8209213203070107,-0.4410863052628692,0.2732900416369934,-1.3288709108207384,-3.63983474406587,-9.558939990879328,-4.881976390552277,0.8863366020517184,3368,4645921,33400000.0,25.664862174102424,181.3636363636364,132.0,4-3-3 ATTACKING,luís castro,0.4164453213933369
Real Sociedad,2026-03-20,20:00:00,0,H,1.37926,10.540131578947369,4.8,14.0,1.8,0.0,-0.2332248000000002,-0.8,-1.4,-3.6,-0.0758400000000007,-0.4,4.2,1.2,4.950802215519035,-5.233224799999997,-1.8,-1.2,1.6198956642063125,9.934725408688188,3.788840600828512,14.409428005662328,1.9471135226041767,0.0617792572701164,0.1172212472882963,-0.7832687804879703,-2.863376404194257,-3.892340650988237,0.3866705579888667,-1.6917200029941224,4.783195250490957,1.1349199589197556,4.203594741391966,-6.638495807894197,-4.55509640718838,-1.2566157038305226,681,4645911,167000000.0,26.73088171240122,180.1818181818182,130.0,4-2-3-1,pellegrino matarazzo,0.4586777910614809
Villarreal,2026-03-20,20:00:00,1,H,1.6805799999999995,16.27097744360902,3.0,11.6,1.8,0.0,0.2363190000000001,0.4,-1.0,1.6,0.57786,-1.2,-3.4,-1.2,-9.514746218562207,0.8363189999999969,-2.2,1.2,1.6163338112544623,14.481219099499384,2.9867466282441906,11.429852713428446,1.5097906562357868,0.0113405692990005,0.1463144984162381,0.8054132613099682,-0.4841894983850109,2.501912679921172,0.4858794037210791,-1.734388627988848,-4.510013520600088,-1.449401920145185,-7.772089720172026,2.1640376799524,-2.2185781263738584,1.430217572636386,1050,4645911,184300000.0,26.543214485719616,184.0,179.0,4-4-2,marcelino,0.7673191489361703
Espanyol,2026-03-21,15:15:00,1,A,0.7437599999999998,15.368449197860963,4.0,15.0,2.8,0.4,-1.0040982,-3.6,-3.4,-3.4,-1.31148,1.0,3.6,1.6,-4.841289533995416,-7.804098199999997,-2.4,-2.4,0.9148112327483277,14.395172435741443,5.128669008509609,15.50915729741389,3.053501171155338,0.4832157646059815,-0.664135234785649,-3.718522994712116,-2.762934746553304,-1.965931918103267,-0.9339791735871612,1.8797914258410025,3.335610896219225,1.1636246892125552,-5.086518000045664,-5.393001899442218,-0.8831433207123016,-2.125953630179403,714,4645915,83600000.0,27.719992533134214,182.3636363636364,25.0,4-4-1-1,manolo gonzález,0.7300137653536637
Osasuna,2026-03-21,17:30:00,1,H,1.01932,12.45893048128342,4.6,14.4,2.2,0.2,-0.5046803999999998,-1.4,-1.2,-0.4,-0.7968000000000004,-0.4,1.4,-1.2,-3.5863547237076623,-2.1046803999999986,-1.6,1.2,1.061485565237023,12.672597672185644,5.010046605297132,12.96376165102131,1.646664470607963,0.2360251576573863,-0.5222691914839662,-0.8320615064439698,0.9225259788545755,-0.1532785397446106,-0.7275355663313241,1.2760998083422104,-0.3223737537410722,-1.7290224753905354,-3.095600848561106,0.2469782476259991,2.1986257871967867,1.7187768907976946,331,4645910,73600000.0,28.663804368116484,181.0,65.0,4-2-3-1,alessio lisci,0.8896759416355616
Mallorca,2026-03-21,13:00:00,0,H,0.7801,15.83095238095238,3.4,11.0,3.4,0.2,-1.13446198,-0.8,-5.2,-2.6,-1.2544200000000003,-2.8,-2.6,1.2,4.295652661064426,-8.93446198,-8.0,-0.8,1.082968392827806,13.751263585458764,3.206859696154173,10.708309677023932,3.013696471444439,0.2223342053107077,-0.6278312312284908,1.69178141704023,-1.8685607211380464,-1.634866410593964,-0.6317052207614677,-3.7174062626330695,-2.618409558268276,0.8090005787130726,1.9317421275499047,-4.131258362960503,-5.585966983771117,-0.0662417784505652,237,4645914,48200000.0,27.9487275216228,182.0,169.0,4-2-3-1,martín demichelis,0.978554957724827
Getafe,2026-03-21,15:15:00,0,A,1.08006,18.11542604478677,2.6,14.6,3.0,0.6,-0.3842138,-0.8,-5.2,-4.6,-0.5071199999999997,-4.2,1.6,0.4,-13.600092674596585,-10.1842138,-9.4,-1.2,0.9585242711188204,16.269044594825772,2.9203207504182727,14.398858711672686,3.1907164058361204,0.5822657301935458,-0.5388776516208127,-1.1022782541330534,-5.397037203179199,-4.945409861606137,-0.7819404077470179,-4.694067169485701,2.2560012989475373,0.5365276614425886,-11.484539766512222,-10.881324716406148,-10.0911043726649,-1.378710465866645,3709,4645915,36900000.0,30.209196689689502,184.0909090909091,107.0,5-4-1,josé bordalás,1.0
Girona,2026-03-21,17:30:00,0,H,1.74584,15.64648408351195,4.8,8.4,1.4,0.2,0.461335,0.8,-2.2,-0.4,0.7405200000000004,-1.4,-4.2,-0.6,-4.655119484631465,-2.1386650000000014,-3.6,0.6,1.766860377720505,14.484886593976812,4.225097434910912,9.06852952689979,1.3775595838700798,0.074780155771486,0.5061083848638559,-0.1309506210013742,-0.5488465189677727,-0.3264748299911895,0.7830577962954922,-1.814653745529556,-4.874927119343525,-0.7150144417096147,-3.0166221145644028,-0.3692129640951065,-2.3635002644973286,1.0114220452353366,12321,4645910,98300000.0,27.27770518324933,181.3636363636364,386.0,4-2-3-1,míchel,1.0
Elche,2026-03-21,13:00:00,1,H,1.34156,7.471338596044478,4.8,14.6,2.2,0.0,-0.2260750000000002,-0.8,-0.6,-0.8,-0.1228199999999996,1.4,-1.6,-0.8,5.309652887578584,-1.6260749999999995,0.8,1.2,1.1247870067905343,7.822511555934832,4.35849207883302,15.892558129712883,2.4107937314834915,0.0008615908833238,-0.5790397165411773,-1.766202031442487,-2.639658500988144,-1.7833793471754211,-0.53484634488756,0.3512255453306498,1.790949879738777,0.2603524395918601,5.871769156542724,-5.002077564704744,-2.2884329556574947,0.0342249197665518,1531,4645914,41400000.0,28.51247588824591,183.0,26.0,3-5-2 FLAT,eder sarabia,0.8112017331464254
Real Madrid,2026-03-22,20:00:00,1,H,1.7282,10.781216678058785,6.4,10.8,2.4,0.2,0.5475124000000002,2.6,3.6,2.4,0.7017000000000001,3.2,-3.2,-0.2,8.625496897323522,6.547512400000005,6.8,0.2,1.684650571971143,11.095378781389758,6.432318756693968,10.977288266764576,2.021994674759041,0.1561010864208765,0.4865166070955337,3.076725805597076,4.566995844779122,2.805984958664313,0.6375265827980113,3.298161151655166,-3.773924737943155,-0.7680724629452256,7.467777409140522,7.859497410538968,7.865156996434287,0.8835810434680573,418,4645909,597000000.0,26.1576753157862,180.9090909090909,370.0,4-4-2,álvaro arbeloa,0.9372250138244416
Barcelona,2026-03-22,13:00:00,1,H,2.0947000000000005,7.6089325529542915,6.0,8.6,1.4,0.0,1.5935634,2.4,9.2,4.0,1.33824,2.6,-2.2,0.2,13.76393486067783,14.7935634,11.8,0.2,2.220860977704874,8.06842503446677,5.356094692288987,7.9712571201415585,0.9549304748735412,0.0007330352788284,1.855200512124568,2.944151520324348,7.2454026894829155,2.891693228754134,1.5839529836026165,2.086466284696903,-3.8049903423612648,-0.3210985320734772,11.29121197598483,11.992296430361622,9.331868974179818,0.4908935559128845,131,4645913,742000000.0,25.229046107896213,183.63636363636363,371.0,4-2-3-1,hansi flick,0.906714333594012
Atletico Madrid,2026-03-22,20:00:00,0,H,1.69464,9.792886641155318,6.8,8.8,1.8,0.0,0.6849088,0.8,5.6,9.2,0.5357400000000004,3.0,-1.8,0.2,5.583756215987539,15.4849088,8.6,0.2,1.850448100425084,8.872831324177184,7.508530847873374,9.100213041139892,1.969837396075292,0.0001300031208809,0.9325300017124812,1.8703308432957624,7.33279551088846,10.882335047976444,0.8892479851247362,4.026189829377491,-1.1197137385834166,0.0951285366370536,8.854598818931661,19.147660560577386,11.358985340265953,0.5712781237878847,13,4645909,313000000.0,28.71482795096758,181.0909090909091,453.0,4-4-2,diego simeone,1.0
Alaves,2026-03-22,15:15:00,0,A,1.0896200000000005,8.016942775923866,4.6,16.6,3.6,0.6,-0.370842,-1.2,-0.2,-2.4,-0.5664599999999996,-1.0,5.4,1.6,1.6507671343032075,-2.970842000000002,-1.2,-2.0,0.919833812982922,8.44543216910081,4.527287351894929,17.178396390400778,3.965636531105681,0.5987117417129811,-0.5130710580453917,-1.768334397944883,-2.5619021354514446,-4.010461993474554,-0.8954193439879301,-0.9710803457737912,5.724955803897956,2.4464428870579216,0.5095877414451541,-7.08543518697139,-3.532982481225236,-3.36872988909565,1108,4645918,47000000.0,27.71377014498165,181.63636363636363,36.0,4-4-2,quique sánchez flores,1.0
Rayo Vallecano,2026-03-22,13:00:00,0,H,1.48392,8.289874355539316,5.8,11.2,2.2,0.2,0.1861312000000002,1.8,2.6,-1.0,0.2064600000000002,1.6,-2.2,-0.8,2.351860512320872,1.7861311999999974,4.2,0.4,1.4476548173232926,8.701019543456443,5.310779549803799,11.523261856739296,2.484993854183463,0.4160787212219503,0.1654526020166609,1.074543575020702,1.4986557183510858,-2.0552096137054825,0.1357950863811025,0.2430269338076658,-1.230196563555559,-0.6291505994984508,2.4209635760835297,-0.391101293337736,1.7416826521587518,-0.198045620530538,367,4645913,52600000.0,29.251695600771576,181.0909090909091,96.0,4-2-3-1,iñigo pérez,1.0
Celta Vigo,2026-03-22,15:15:00,1,A,1.6451,18.69138731856379,4.0,10.0,1.4,0.0,0.5481417800000002,1.0,-0.4,0.4,0.4883400000000005,-0.6,-0.2,-1.0,-2.482945760122232,0.5481417800000038,-1.0,1.0,1.2941775590006888,19.058967092257625,3.949947708809683,10.683466995159606,1.88634246638086,0.0001515250696414,-0.0271611057451605,-0.0982909678762962,-3.968196009699525,-2.093843676439655,-0.1735933631224796,-0.7312400819051303,-0.3031766041319439,-0.3316928175497646,-3.794297786127758,-6.08920079188434,-4.699436091604655,0.4085979325623182,940,4645918,84500000.0,25.92495799887997,181.54545454545453,38.0,5-4-1,claudio giráldez,0.8146361077603539
